quintile,excess returns,close(%)
1,-0.1118852123935943,-0.1156153950321586
1,-0.1118852123935943,0.32352151215198793
1,-0.1118852123935943,-7.475482162274995
1,-0.1118852123935943,-0.6131063371842261
1,-0.1118852123935943,-1.7836506823547358
1,-0.1118852123935943,0.2736558676430326
1,-0.1118852123935943,-0.40702431382059834
1,-0.1118852123935943,0.09255049732349567
1,-0.1118852123935943,0.15043019842086283
1,-0.1118852123935943,-0.1064495472004182
1,-0.1118852123935943,-0.7855020145552695
1,-0.1118852123935943,0.3891249688453546
1,-0.1118852123935943,0.1605211665812438
1,-0.1118852123935943,-1.0504706968075554
1,-0.1118852123935943,0.08616208413284866
1,-0.1118852123935943,0.29258123833653504
1,-0.1118852123935943,0.05263174004101333
1,-0.1118852123935943,-0.3156850352676281
1,-0.1118852123935943,0.1604179177003499
1,-0.1118852123935943,-0.02356219062718947
1,-0.1118852123935943,-0.4367658084161294
1,-0.1118852123935943,0.3184397492556348
1,-0.1118852123935943,0.08894151265049158
1,-0.1118852123935943,0.06479608137268476
1,-0.1118852123935943,-0.6682885635816533
1,-0.1118852123935943,-0.7484232374961314
1,0.32725169479055227,-0.1156153950321586
1,0.32725169479055227,0.32352151215198793
1,0.32725169479055227,-7.475482162274995
1,0.32725169479055227,-0.6131063371842261
1,0.32725169479055227,-1.7836506823547358
1,0.32725169479055227,0.2736558676430326
1,0.32725169479055227,-0.40702431382059834
1,0.32725169479055227,0.09255049732349567
1,0.32725169479055227,0.15043019842086283
1,0.32725169479055227,-0.1064495472004182
1,0.32725169479055227,-0.7855020145552695
1,0.32725169479055227,0.3891249688453546
1,0.32725169479055227,0.1605211665812438
1,0.32725169479055227,-1.0504706968075554
1,0.32725169479055227,0.08616208413284866
1,0.32725169479055227,0.29258123833653504
1,0.32725169479055227,0.05263174004101333
1,0.32725169479055227,-0.3156850352676281
1,0.32725169479055227,0.1604179177003499
1,0.32725169479055227,-0.02356219062718947
1,0.32725169479055227,-0.4367658084161294
1,0.32725169479055227,0.3184397492556348
1,0.32725169479055227,0.08894151265049158
1,0.32725169479055227,0.06479608137268476
1,0.32725169479055227,-0.6682885635816533
1,0.32725169479055227,-0.7484232374961314
1,-7.47175197963643,-0.1156153950321586
1,-7.47175197963643,0.32352151215198793
1,-7.47175197963643,-7.475482162274995
1,-7.47175197963643,-0.6131063371842261
1,-7.47175197963643,-1.7836506823547358
1,-7.47175197963643,0.2736558676430326
1,-7.47175197963643,-0.40702431382059834
1,-7.47175197963643,0.09255049732349567
1,-7.47175197963643,0.15043019842086283
1,-7.47175197963643,-0.1064495472004182
1,-7.47175197963643,-0.7855020145552695
1,-7.47175197963643,0.3891249688453546
1,-7.47175197963643,0.1605211665812438
1,-7.47175197963643,-1.0504706968075554
1,-7.47175197963643,0.08616208413284866
1,-7.47175197963643,0.29258123833653504
1,-7.47175197963643,0.05263174004101333
1,-7.47175197963643,-0.3156850352676281
1,-7.47175197963643,0.1604179177003499
1,-7.47175197963643,-0.02356219062718947
1,-7.47175197963643,-0.4367658084161294
1,-7.47175197963643,0.3184397492556348
1,-7.47175197963643,0.08894151265049158
1,-7.47175197963643,0.06479608137268476
1,-7.47175197963643,-0.6682885635816533
1,-7.47175197963643,-0.7484232374961314
1,-0.6093761545456619,-0.1156153950321586
1,-0.6093761545456619,0.32352151215198793
1,-0.6093761545456619,-7.475482162274995
1,-0.6093761545456619,-0.6131063371842261
1,-0.6093761545456619,-1.7836506823547358
1,-0.6093761545456619,0.2736558676430326
1,-0.6093761545456619,-0.40702431382059834
1,-0.6093761545456619,0.09255049732349567
1,-0.6093761545456619,0.15043019842086283
1,-0.6093761545456619,-0.1064495472004182
1,-0.6093761545456619,-0.7855020145552695
1,-0.6093761545456619,0.3891249688453546
1,-0.6093761545456619,0.1605211665812438
1,-0.6093761545456619,-1.0504706968075554
1,-0.6093761545456619,0.08616208413284866
1,-0.6093761545456619,0.29258123833653504
1,-0.6093761545456619,0.05263174004101333
1,-0.6093761545456619,-0.3156850352676281
1,-0.6093761545456619,0.1604179177003499
1,-0.6093761545456619,-0.02356219062718947
1,-0.6093761545456619,-0.4367658084161294
1,-0.6093761545456619,0.3184397492556348
1,-0.6093761545456619,0.08894151265049158
1,-0.6093761545456619,0.06479608137268476
1,-0.6093761545456619,-0.6682885635816533
1,-0.6093761545456619,-0.7484232374961314
1,-1.7799204997161715,-0.1156153950321586
1,-1.7799204997161715,0.32352151215198793
1,-1.7799204997161715,-7.475482162274995
1,-1.7799204997161715,-0.6131063371842261
1,-1.7799204997161715,-1.7836506823547358
1,-1.7799204997161715,0.2736558676430326
1,-1.7799204997161715,-0.40702431382059834
1,-1.7799204997161715,0.09255049732349567
1,-1.7799204997161715,0.15043019842086283
1,-1.7799204997161715,-0.1064495472004182
1,-1.7799204997161715,-0.7855020145552695
1,-1.7799204997161715,0.3891249688453546
1,-1.7799204997161715,0.1605211665812438
1,-1.7799204997161715,-1.0504706968075554
1,-1.7799204997161715,0.08616208413284866
1,-1.7799204997161715,0.29258123833653504
1,-1.7799204997161715,0.05263174004101333
1,-1.7799204997161715,-0.3156850352676281
1,-1.7799204997161715,0.1604179177003499
1,-1.7799204997161715,-0.02356219062718947
1,-1.7799204997161715,-0.4367658084161294
1,-1.7799204997161715,0.3184397492556348
1,-1.7799204997161715,0.08894151265049158
1,-1.7799204997161715,0.06479608137268476
1,-1.7799204997161715,-0.6682885635816533
1,-1.7799204997161715,-0.7484232374961314
1,0.27738605028159696,-0.1156153950321586
1,0.27738605028159696,0.32352151215198793
1,0.27738605028159696,-7.475482162274995
1,0.27738605028159696,-0.6131063371842261
1,0.27738605028159696,-1.7836506823547358
1,0.27738605028159696,0.2736558676430326
1,0.27738605028159696,-0.40702431382059834
1,0.27738605028159696,0.09255049732349567
1,0.27738605028159696,0.15043019842086283
1,0.27738605028159696,-0.1064495472004182
1,0.27738605028159696,-0.7855020145552695
1,0.27738605028159696,0.3891249688453546
1,0.27738605028159696,0.1605211665812438
1,0.27738605028159696,-1.0504706968075554
1,0.27738605028159696,0.08616208413284866
1,0.27738605028159696,0.29258123833653504
1,0.27738605028159696,0.05263174004101333
1,0.27738605028159696,-0.3156850352676281
1,0.27738605028159696,0.1604179177003499
1,0.27738605028159696,-0.02356219062718947
1,0.27738605028159696,-0.4367658084161294
1,0.27738605028159696,0.3184397492556348
1,0.27738605028159696,0.08894151265049158
1,0.27738605028159696,0.06479608137268476
1,0.27738605028159696,-0.6682885635816533
1,0.27738605028159696,-0.7484232374961314
1,-0.403294131182034,-0.1156153950321586
1,-0.403294131182034,0.32352151215198793
1,-0.403294131182034,-7.475482162274995
1,-0.403294131182034,-0.6131063371842261
1,-0.403294131182034,-1.7836506823547358
1,-0.403294131182034,0.2736558676430326
1,-0.403294131182034,-0.40702431382059834
1,-0.403294131182034,0.09255049732349567
1,-0.403294131182034,0.15043019842086283
1,-0.403294131182034,-0.1064495472004182
1,-0.403294131182034,-0.7855020145552695
1,-0.403294131182034,0.3891249688453546
1,-0.403294131182034,0.1605211665812438
1,-0.403294131182034,-1.0504706968075554
1,-0.403294131182034,0.08616208413284866
1,-0.403294131182034,0.29258123833653504
1,-0.403294131182034,0.05263174004101333
1,-0.403294131182034,-0.3156850352676281
1,-0.403294131182034,0.1604179177003499
1,-0.403294131182034,-0.02356219062718947
1,-0.403294131182034,-0.4367658084161294
1,-0.403294131182034,0.3184397492556348
1,-0.403294131182034,0.08894151265049158
1,-0.403294131182034,0.06479608137268476
1,-0.403294131182034,-0.6682885635816533
1,-0.403294131182034,-0.7484232374961314
1,0.09628067996205998,-0.1156153950321586
1,0.09628067996205998,0.32352151215198793
1,0.09628067996205998,-7.475482162274995
1,0.09628067996205998,-0.6131063371842261
1,0.09628067996205998,-1.7836506823547358
1,0.09628067996205998,0.2736558676430326
1,0.09628067996205998,-0.40702431382059834
1,0.09628067996205998,0.09255049732349567
1,0.09628067996205998,0.15043019842086283
1,0.09628067996205998,-0.1064495472004182
1,0.09628067996205998,-0.7855020145552695
1,0.09628067996205998,0.3891249688453546
1,0.09628067996205998,0.1605211665812438
1,0.09628067996205998,-1.0504706968075554
1,0.09628067996205998,0.08616208413284866
1,0.09628067996205998,0.29258123833653504
1,0.09628067996205998,0.05263174004101333
1,0.09628067996205998,-0.3156850352676281
1,0.09628067996205998,0.1604179177003499
1,0.09628067996205998,-0.02356219062718947
1,0.09628067996205998,-0.4367658084161294
1,0.09628067996205998,0.3184397492556348
1,0.09628067996205998,0.08894151265049158
1,0.09628067996205998,0.06479608137268476
1,0.09628067996205998,-0.6682885635816533
1,0.09628067996205998,-0.7484232374961314
1,0.15416038105942714,-0.1156153950321586
1,0.15416038105942714,0.32352151215198793
1,0.15416038105942714,-7.475482162274995
1,0.15416038105942714,-0.6131063371842261
1,0.15416038105942714,-1.7836506823547358
1,0.15416038105942714,0.2736558676430326
1,0.15416038105942714,-0.40702431382059834
1,0.15416038105942714,0.09255049732349567
1,0.15416038105942714,0.15043019842086283
1,0.15416038105942714,-0.1064495472004182
1,0.15416038105942714,-0.7855020145552695
1,0.15416038105942714,0.3891249688453546
1,0.15416038105942714,0.1605211665812438
1,0.15416038105942714,-1.0504706968075554
1,0.15416038105942714,0.08616208413284866
1,0.15416038105942714,0.29258123833653504
1,0.15416038105942714,0.05263174004101333
1,0.15416038105942714,-0.3156850352676281
1,0.15416038105942714,0.1604179177003499
1,0.15416038105942714,-0.02356219062718947
1,0.15416038105942714,-0.4367658084161294
1,0.15416038105942714,0.3184397492556348
1,0.15416038105942714,0.08894151265049158
1,0.15416038105942714,0.06479608137268476
1,0.15416038105942714,-0.6682885635816533
1,0.15416038105942714,-0.7484232374961314
1,-0.10271936456185389,-0.1156153950321586
1,-0.10271936456185389,0.32352151215198793
1,-0.10271936456185389,-7.475482162274995
1,-0.10271936456185389,-0.6131063371842261
1,-0.10271936456185389,-1.7836506823547358
1,-0.10271936456185389,0.2736558676430326
1,-0.10271936456185389,-0.40702431382059834
1,-0.10271936456185389,0.09255049732349567
1,-0.10271936456185389,0.15043019842086283
1,-0.10271936456185389,-0.1064495472004182
1,-0.10271936456185389,-0.7855020145552695
1,-0.10271936456185389,0.3891249688453546
1,-0.10271936456185389,0.1605211665812438
1,-0.10271936456185389,-1.0504706968075554
1,-0.10271936456185389,0.08616208413284866
1,-0.10271936456185389,0.29258123833653504
1,-0.10271936456185389,0.05263174004101333
1,-0.10271936456185389,-0.3156850352676281
1,-0.10271936456185389,0.1604179177003499
1,-0.10271936456185389,-0.02356219062718947
1,-0.10271936456185389,-0.4367658084161294
1,-0.10271936456185389,0.3184397492556348
1,-0.10271936456185389,0.08894151265049158
1,-0.10271936456185389,0.06479608137268476
1,-0.10271936456185389,-0.6682885635816533
1,-0.10271936456185389,-0.7484232374961314
1,-0.7817718319167052,-0.1156153950321586
1,-0.7817718319167052,0.32352151215198793
1,-0.7817718319167052,-7.475482162274995
1,-0.7817718319167052,-0.6131063371842261
1,-0.7817718319167052,-1.7836506823547358
1,-0.7817718319167052,0.2736558676430326
1,-0.7817718319167052,-0.40702431382059834
1,-0.7817718319167052,0.09255049732349567
1,-0.7817718319167052,0.15043019842086283
1,-0.7817718319167052,-0.1064495472004182
1,-0.7817718319167052,-0.7855020145552695
1,-0.7817718319167052,0.3891249688453546
1,-0.7817718319167052,0.1605211665812438
1,-0.7817718319167052,-1.0504706968075554
1,-0.7817718319167052,0.08616208413284866
1,-0.7817718319167052,0.29258123833653504
1,-0.7817718319167052,0.05263174004101333
1,-0.7817718319167052,-0.3156850352676281
1,-0.7817718319167052,0.1604179177003499
1,-0.7817718319167052,-0.02356219062718947
1,-0.7817718319167052,-0.4367658084161294
1,-0.7817718319167052,0.3184397492556348
1,-0.7817718319167052,0.08894151265049158
1,-0.7817718319167052,0.06479608137268476
1,-0.7817718319167052,-0.6682885635816533
1,-0.7817718319167052,-0.7484232374961314
1,0.3928551514839189,-0.1156153950321586
1,0.3928551514839189,0.32352151215198793
1,0.3928551514839189,-7.475482162274995
1,0.3928551514839189,-0.6131063371842261
1,0.3928551514839189,-1.7836506823547358
1,0.3928551514839189,0.2736558676430326
1,0.3928551514839189,-0.40702431382059834
1,0.3928551514839189,0.09255049732349567
1,0.3928551514839189,0.15043019842086283
1,0.3928551514839189,-0.1064495472004182
1,0.3928551514839189,-0.7855020145552695
1,0.3928551514839189,0.3891249688453546
1,0.3928551514839189,0.1605211665812438
1,0.3928551514839189,-1.0504706968075554
1,0.3928551514839189,0.08616208413284866
1,0.3928551514839189,0.29258123833653504
1,0.3928551514839189,0.05263174004101333
1,0.3928551514839189,-0.3156850352676281
1,0.3928551514839189,0.1604179177003499
1,0.3928551514839189,-0.02356219062718947
1,0.3928551514839189,-0.4367658084161294
1,0.3928551514839189,0.3184397492556348
1,0.3928551514839189,0.08894151265049158
1,0.3928551514839189,0.06479608137268476
1,0.3928551514839189,-0.6682885635816533
1,0.3928551514839189,-0.7484232374961314
1,0.1642513492198081,-0.1156153950321586
1,0.1642513492198081,0.32352151215198793
1,0.1642513492198081,-7.475482162274995
1,0.1642513492198081,-0.6131063371842261
1,0.1642513492198081,-1.7836506823547358
1,0.1642513492198081,0.2736558676430326
1,0.1642513492198081,-0.40702431382059834
1,0.1642513492198081,0.09255049732349567
1,0.1642513492198081,0.15043019842086283
1,0.1642513492198081,-0.1064495472004182
1,0.1642513492198081,-0.7855020145552695
1,0.1642513492198081,0.3891249688453546
1,0.1642513492198081,0.1605211665812438
1,0.1642513492198081,-1.0504706968075554
1,0.1642513492198081,0.08616208413284866
1,0.1642513492198081,0.29258123833653504
1,0.1642513492198081,0.05263174004101333
1,0.1642513492198081,-0.3156850352676281
1,0.1642513492198081,0.1604179177003499
1,0.1642513492198081,-0.02356219062718947
1,0.1642513492198081,-0.4367658084161294
1,0.1642513492198081,0.3184397492556348
1,0.1642513492198081,0.08894151265049158
1,0.1642513492198081,0.06479608137268476
1,0.1642513492198081,-0.6682885635816533
1,0.1642513492198081,-0.7484232374961314
1,-1.0467405141689912,-0.1156153950321586
1,-1.0467405141689912,0.32352151215198793
1,-1.0467405141689912,-7.475482162274995
1,-1.0467405141689912,-0.6131063371842261
1,-1.0467405141689912,-1.7836506823547358
1,-1.0467405141689912,0.2736558676430326
1,-1.0467405141689912,-0.40702431382059834
1,-1.0467405141689912,0.09255049732349567
1,-1.0467405141689912,0.15043019842086283
1,-1.0467405141689912,-0.1064495472004182
1,-1.0467405141689912,-0.7855020145552695
1,-1.0467405141689912,0.3891249688453546
1,-1.0467405141689912,0.1605211665812438
1,-1.0467405141689912,-1.0504706968075554
1,-1.0467405141689912,0.08616208413284866
1,-1.0467405141689912,0.29258123833653504
1,-1.0467405141689912,0.05263174004101333
1,-1.0467405141689912,-0.3156850352676281
1,-1.0467405141689912,0.1604179177003499
1,-1.0467405141689912,-0.02356219062718947
1,-1.0467405141689912,-0.4367658084161294
1,-1.0467405141689912,0.3184397492556348
1,-1.0467405141689912,0.08894151265049158
1,-1.0467405141689912,0.06479608137268476
1,-1.0467405141689912,-0.6682885635816533
1,-1.0467405141689912,-0.7484232374961314
1,0.08989226677141297,-0.1156153950321586
1,0.08989226677141297,0.32352151215198793
1,0.08989226677141297,-7.475482162274995
1,0.08989226677141297,-0.6131063371842261
1,0.08989226677141297,-1.7836506823547358
1,0.08989226677141297,0.2736558676430326
1,0.08989226677141297,-0.40702431382059834
1,0.08989226677141297,0.09255049732349567
1,0.08989226677141297,0.15043019842086283
1,0.08989226677141297,-0.1064495472004182
1,0.08989226677141297,-0.7855020145552695
1,0.08989226677141297,0.3891249688453546
1,0.08989226677141297,0.1605211665812438
1,0.08989226677141297,-1.0504706968075554
1,0.08989226677141297,0.08616208413284866
1,0.08989226677141297,0.29258123833653504
1,0.08989226677141297,0.05263174004101333
1,0.08989226677141297,-0.3156850352676281
1,0.08989226677141297,0.1604179177003499
1,0.08989226677141297,-0.02356219062718947
1,0.08989226677141297,-0.4367658084161294
1,0.08989226677141297,0.3184397492556348
1,0.08989226677141297,0.08894151265049158
1,0.08989226677141297,0.06479608137268476
1,0.08989226677141297,-0.6682885635816533
1,0.08989226677141297,-0.7484232374961314
1,0.2963114209750994,-0.1156153950321586
1,0.2963114209750994,0.32352151215198793
1,0.2963114209750994,-7.475482162274995
1,0.2963114209750994,-0.6131063371842261
1,0.2963114209750994,-1.7836506823547358
1,0.2963114209750994,0.2736558676430326
1,0.2963114209750994,-0.40702431382059834
1,0.2963114209750994,0.09255049732349567
1,0.2963114209750994,0.15043019842086283
1,0.2963114209750994,-0.1064495472004182
1,0.2963114209750994,-0.7855020145552695
1,0.2963114209750994,0.3891249688453546
1,0.2963114209750994,0.1605211665812438
1,0.2963114209750994,-1.0504706968075554
1,0.2963114209750994,0.08616208413284866
1,0.2963114209750994,0.29258123833653504
1,0.2963114209750994,0.05263174004101333
1,0.2963114209750994,-0.3156850352676281
1,0.2963114209750994,0.1604179177003499
1,0.2963114209750994,-0.02356219062718947
1,0.2963114209750994,-0.4367658084161294
1,0.2963114209750994,0.3184397492556348
1,0.2963114209750994,0.08894151265049158
1,0.2963114209750994,0.06479608137268476
1,0.2963114209750994,-0.6682885635816533
1,0.2963114209750994,-0.7484232374961314
1,0.056361922679577646,-0.1156153950321586
1,0.056361922679577646,0.32352151215198793
1,0.056361922679577646,-7.475482162274995
1,0.056361922679577646,-0.6131063371842261
1,0.056361922679577646,-1.7836506823547358
1,0.056361922679577646,0.2736558676430326
1,0.056361922679577646,-0.40702431382059834
1,0.056361922679577646,0.09255049732349567
1,0.056361922679577646,0.15043019842086283
1,0.056361922679577646,-0.1064495472004182
1,0.056361922679577646,-0.7855020145552695
1,0.056361922679577646,0.3891249688453546
1,0.056361922679577646,0.1605211665812438
1,0.056361922679577646,-1.0504706968075554
1,0.056361922679577646,0.08616208413284866
1,0.056361922679577646,0.29258123833653504
1,0.056361922679577646,0.05263174004101333
1,0.056361922679577646,-0.3156850352676281
1,0.056361922679577646,0.1604179177003499
1,0.056361922679577646,-0.02356219062718947
1,0.056361922679577646,-0.4367658084161294
1,0.056361922679577646,0.3184397492556348
1,0.056361922679577646,0.08894151265049158
1,0.056361922679577646,0.06479608137268476
1,0.056361922679577646,-0.6682885635816533
1,0.056361922679577646,-0.7484232374961314
1,-0.31195485262906375,-0.1156153950321586
1,-0.31195485262906375,0.32352151215198793
1,-0.31195485262906375,-7.475482162274995
1,-0.31195485262906375,-0.6131063371842261
1,-0.31195485262906375,-1.7836506823547358
1,-0.31195485262906375,0.2736558676430326
1,-0.31195485262906375,-0.40702431382059834
1,-0.31195485262906375,0.09255049732349567
1,-0.31195485262906375,0.15043019842086283
1,-0.31195485262906375,-0.1064495472004182
1,-0.31195485262906375,-0.7855020145552695
1,-0.31195485262906375,0.3891249688453546
1,-0.31195485262906375,0.1605211665812438
1,-0.31195485262906375,-1.0504706968075554
1,-0.31195485262906375,0.08616208413284866
1,-0.31195485262906375,0.29258123833653504
1,-0.31195485262906375,0.05263174004101333
1,-0.31195485262906375,-0.3156850352676281
1,-0.31195485262906375,0.1604179177003499
1,-0.31195485262906375,-0.02356219062718947
1,-0.31195485262906375,-0.4367658084161294
1,-0.31195485262906375,0.3184397492556348
1,-0.31195485262906375,0.08894151265049158
1,-0.31195485262906375,0.06479608137268476
1,-0.31195485262906375,-0.6682885635816533
1,-0.31195485262906375,-0.7484232374961314
1,0.16414810033891422,-0.1156153950321586
1,0.16414810033891422,0.32352151215198793
1,0.16414810033891422,-7.475482162274995
1,0.16414810033891422,-0.6131063371842261
1,0.16414810033891422,-1.7836506823547358
1,0.16414810033891422,0.2736558676430326
1,0.16414810033891422,-0.40702431382059834
1,0.16414810033891422,0.09255049732349567
1,0.16414810033891422,0.15043019842086283
1,0.16414810033891422,-0.1064495472004182
1,0.16414810033891422,-0.7855020145552695
1,0.16414810033891422,0.3891249688453546
1,0.16414810033891422,0.1605211665812438
1,0.16414810033891422,-1.0504706968075554
1,0.16414810033891422,0.08616208413284866
1,0.16414810033891422,0.29258123833653504
1,0.16414810033891422,0.05263174004101333
1,0.16414810033891422,-0.3156850352676281
1,0.16414810033891422,0.1604179177003499
1,0.16414810033891422,-0.02356219062718947
1,0.16414810033891422,-0.4367658084161294
1,0.16414810033891422,0.3184397492556348
1,0.16414810033891422,0.08894151265049158
1,0.16414810033891422,0.06479608137268476
1,0.16414810033891422,-0.6682885635816533
1,0.16414810033891422,-0.7484232374961314
1,-0.019832007988625156,-0.1156153950321586
1,-0.019832007988625156,0.32352151215198793
1,-0.019832007988625156,-7.475482162274995
1,-0.019832007988625156,-0.6131063371842261
1,-0.019832007988625156,-1.7836506823547358
1,-0.019832007988625156,0.2736558676430326
1,-0.019832007988625156,-0.40702431382059834
1,-0.019832007988625156,0.09255049732349567
1,-0.019832007988625156,0.15043019842086283
1,-0.019832007988625156,-0.1064495472004182
1,-0.019832007988625156,-0.7855020145552695
1,-0.019832007988625156,0.3891249688453546
1,-0.019832007988625156,0.1605211665812438
1,-0.019832007988625156,-1.0504706968075554
1,-0.019832007988625156,0.08616208413284866
1,-0.019832007988625156,0.29258123833653504
1,-0.019832007988625156,0.05263174004101333
1,-0.019832007988625156,-0.3156850352676281
1,-0.019832007988625156,0.1604179177003499
1,-0.019832007988625156,-0.02356219062718947
1,-0.019832007988625156,-0.4367658084161294
1,-0.019832007988625156,0.3184397492556348
1,-0.019832007988625156,0.08894151265049158
1,-0.019832007988625156,0.06479608137268476
1,-0.019832007988625156,-0.6682885635816533
1,-0.019832007988625156,-0.7484232374961314
1,-0.43303562577756505,-0.1156153950321586
1,-0.43303562577756505,0.32352151215198793
1,-0.43303562577756505,-7.475482162274995
1,-0.43303562577756505,-0.6131063371842261
1,-0.43303562577756505,-1.7836506823547358
1,-0.43303562577756505,0.2736558676430326
1,-0.43303562577756505,-0.40702431382059834
1,-0.43303562577756505,0.09255049732349567
1,-0.43303562577756505,0.15043019842086283
1,-0.43303562577756505,-0.1064495472004182
1,-0.43303562577756505,-0.7855020145552695
1,-0.43303562577756505,0.3891249688453546
1,-0.43303562577756505,0.1605211665812438
1,-0.43303562577756505,-1.0504706968075554
1,-0.43303562577756505,0.08616208413284866
1,-0.43303562577756505,0.29258123833653504
1,-0.43303562577756505,0.05263174004101333
1,-0.43303562577756505,-0.3156850352676281
1,-0.43303562577756505,0.1604179177003499
1,-0.43303562577756505,-0.02356219062718947
1,-0.43303562577756505,-0.4367658084161294
1,-0.43303562577756505,0.3184397492556348
1,-0.43303562577756505,0.08894151265049158
1,-0.43303562577756505,0.06479608137268476
1,-0.43303562577756505,-0.6682885635816533
1,-0.43303562577756505,-0.7484232374961314
1,0.3221699318941991,-0.1156153950321586
1,0.3221699318941991,0.32352151215198793
1,0.3221699318941991,-7.475482162274995
1,0.3221699318941991,-0.6131063371842261
1,0.3221699318941991,-1.7836506823547358
1,0.3221699318941991,0.2736558676430326
1,0.3221699318941991,-0.40702431382059834
1,0.3221699318941991,0.09255049732349567
1,0.3221699318941991,0.15043019842086283
1,0.3221699318941991,-0.1064495472004182
1,0.3221699318941991,-0.7855020145552695
1,0.3221699318941991,0.3891249688453546
1,0.3221699318941991,0.1605211665812438
1,0.3221699318941991,-1.0504706968075554
1,0.3221699318941991,0.08616208413284866
1,0.3221699318941991,0.29258123833653504
1,0.3221699318941991,0.05263174004101333
1,0.3221699318941991,-0.3156850352676281
1,0.3221699318941991,0.1604179177003499
1,0.3221699318941991,-0.02356219062718947
1,0.3221699318941991,-0.4367658084161294
1,0.3221699318941991,0.3184397492556348
1,0.3221699318941991,0.08894151265049158
1,0.3221699318941991,0.06479608137268476
1,0.3221699318941991,-0.6682885635816533
1,0.3221699318941991,-0.7484232374961314
1,0.09267169528905589,-0.1156153950321586
1,0.09267169528905589,0.32352151215198793
1,0.09267169528905589,-7.475482162274995
1,0.09267169528905589,-0.6131063371842261
1,0.09267169528905589,-1.7836506823547358
1,0.09267169528905589,0.2736558676430326
1,0.09267169528905589,-0.40702431382059834
1,0.09267169528905589,0.09255049732349567
1,0.09267169528905589,0.15043019842086283
1,0.09267169528905589,-0.1064495472004182
1,0.09267169528905589,-0.7855020145552695
1,0.09267169528905589,0.3891249688453546
1,0.09267169528905589,0.1605211665812438
1,0.09267169528905589,-1.0504706968075554
1,0.09267169528905589,0.08616208413284866
1,0.09267169528905589,0.29258123833653504
1,0.09267169528905589,0.05263174004101333
1,0.09267169528905589,-0.3156850352676281
1,0.09267169528905589,0.1604179177003499
1,0.09267169528905589,-0.02356219062718947
1,0.09267169528905589,-0.4367658084161294
1,0.09267169528905589,0.3184397492556348
1,0.09267169528905589,0.08894151265049158
1,0.09267169528905589,0.06479608137268476
1,0.09267169528905589,-0.6682885635816533
1,0.09267169528905589,-0.7484232374961314
1,0.06852626401124907,-0.1156153950321586
1,0.06852626401124907,0.32352151215198793
1,0.06852626401124907,-7.475482162274995
1,0.06852626401124907,-0.6131063371842261
1,0.06852626401124907,-1.7836506823547358
1,0.06852626401124907,0.2736558676430326
1,0.06852626401124907,-0.40702431382059834
1,0.06852626401124907,0.09255049732349567
1,0.06852626401124907,0.15043019842086283
1,0.06852626401124907,-0.1064495472004182
1,0.06852626401124907,-0.7855020145552695
1,0.06852626401124907,0.3891249688453546
1,0.06852626401124907,0.1605211665812438
1,0.06852626401124907,-1.0504706968075554
1,0.06852626401124907,0.08616208413284866
1,0.06852626401124907,0.29258123833653504
1,0.06852626401124907,0.05263174004101333
1,0.06852626401124907,-0.3156850352676281
1,0.06852626401124907,0.1604179177003499
1,0.06852626401124907,-0.02356219062718947
1,0.06852626401124907,-0.4367658084161294
1,0.06852626401124907,0.3184397492556348
1,0.06852626401124907,0.08894151265049158
1,0.06852626401124907,0.06479608137268476
1,0.06852626401124907,-0.6682885635816533
1,0.06852626401124907,-0.7484232374961314
1,-0.664558380943089,-0.1156153950321586
1,-0.664558380943089,0.32352151215198793
1,-0.664558380943089,-7.475482162274995
1,-0.664558380943089,-0.6131063371842261
1,-0.664558380943089,-1.7836506823547358
1,-0.664558380943089,0.2736558676430326
1,-0.664558380943089,-0.40702431382059834
1,-0.664558380943089,0.09255049732349567
1,-0.664558380943089,0.15043019842086283
1,-0.664558380943089,-0.1064495472004182
1,-0.664558380943089,-0.7855020145552695
1,-0.664558380943089,0.3891249688453546
1,-0.664558380943089,0.1605211665812438
1,-0.664558380943089,-1.0504706968075554
1,-0.664558380943089,0.08616208413284866
1,-0.664558380943089,0.29258123833653504
1,-0.664558380943089,0.05263174004101333
1,-0.664558380943089,-0.3156850352676281
1,-0.664558380943089,0.1604179177003499
1,-0.664558380943089,-0.02356219062718947
1,-0.664558380943089,-0.4367658084161294
1,-0.664558380943089,0.3184397492556348
1,-0.664558380943089,0.08894151265049158
1,-0.664558380943089,0.06479608137268476
1,-0.664558380943089,-0.6682885635816533
1,-0.664558380943089,-0.7484232374961314
1,-0.7446930548575671,-0.1156153950321586
1,-0.7446930548575671,0.32352151215198793
1,-0.7446930548575671,-7.475482162274995
1,-0.7446930548575671,-0.6131063371842261
1,-0.7446930548575671,-1.7836506823547358
1,-0.7446930548575671,0.2736558676430326
1,-0.7446930548575671,-0.40702431382059834
1,-0.7446930548575671,0.09255049732349567
1,-0.7446930548575671,0.15043019842086283
1,-0.7446930548575671,-0.1064495472004182
1,-0.7446930548575671,-0.7855020145552695
1,-0.7446930548575671,0.3891249688453546
1,-0.7446930548575671,0.1605211665812438
1,-0.7446930548575671,-1.0504706968075554
1,-0.7446930548575671,0.08616208413284866
1,-0.7446930548575671,0.29258123833653504
1,-0.7446930548575671,0.05263174004101333
1,-0.7446930548575671,-0.3156850352676281
1,-0.7446930548575671,0.1604179177003499
1,-0.7446930548575671,-0.02356219062718947
1,-0.7446930548575671,-0.4367658084161294
1,-0.7446930548575671,0.3184397492556348
1,-0.7446930548575671,0.08894151265049158
1,-0.7446930548575671,0.06479608137268476
1,-0.7446930548575671,-0.6682885635816533
1,-0.7446930548575671,-0.7484232374961314
2,-1.1416476633569788,-1.145377845995543
2,-1.1416476633569788,0.4312704770159433
2,-1.1416476633569788,0.010079582834055792
2,-1.1416476633569788,-0.33777153187834197
2,-1.1416476633569788,0.09187246429472824
2,-1.1416476633569788,0.3577184392996801
2,-1.1416476633569788,0.030118581176480495
2,-1.1416476633569788,0.013686258394481173
2,-1.1416476633569788,0.009527018588126537
2,-1.1416476633569788,0.2168274004574648
2,-1.1416476633569788,-0.3229733664508126
2,-1.1416476633569788,0.2401875742194664
2,-1.1416476633569788,0.27268648705505916
2,-1.1416476633569788,0.2124477211933009
2,-1.1416476633569788,-0.24872341069382933
2,-1.1416476633569788,0.20814589435427347
2,0.4350006596545076,-1.145377845995543
2,0.4350006596545076,0.4312704770159433
2,0.4350006596545076,0.010079582834055792
2,0.4350006596545076,-0.33777153187834197
2,0.4350006596545076,0.09187246429472824
2,0.4350006596545076,0.3577184392996801
2,0.4350006596545076,0.030118581176480495
2,0.4350006596545076,0.013686258394481173
2,0.4350006596545076,0.009527018588126537
2,0.4350006596545076,0.2168274004574648
2,0.4350006596545076,-0.3229733664508126
2,0.4350006596545076,0.2401875742194664
2,0.4350006596545076,0.27268648705505916
2,0.4350006596545076,0.2124477211933009
2,0.4350006596545076,-0.24872341069382933
2,0.4350006596545076,0.20814589435427347
2,0.013809765472620108,-1.145377845995543
2,0.013809765472620108,0.4312704770159433
2,0.013809765472620108,0.010079582834055792
2,0.013809765472620108,-0.33777153187834197
2,0.013809765472620108,0.09187246429472824
2,0.013809765472620108,0.3577184392996801
2,0.013809765472620108,0.030118581176480495
2,0.013809765472620108,0.013686258394481173
2,0.013809765472620108,0.009527018588126537
2,0.013809765472620108,0.2168274004574648
2,0.013809765472620108,-0.3229733664508126
2,0.013809765472620108,0.2401875742194664
2,0.013809765472620108,0.27268648705505916
2,0.013809765472620108,0.2124477211933009
2,0.013809765472620108,-0.24872341069382933
2,0.013809765472620108,0.20814589435427347
2,-0.33404134923977763,-1.145377845995543
2,-0.33404134923977763,0.4312704770159433
2,-0.33404134923977763,0.010079582834055792
2,-0.33404134923977763,-0.33777153187834197
2,-0.33404134923977763,0.09187246429472824
2,-0.33404134923977763,0.3577184392996801
2,-0.33404134923977763,0.030118581176480495
2,-0.33404134923977763,0.013686258394481173
2,-0.33404134923977763,0.009527018588126537
2,-0.33404134923977763,0.2168274004574648
2,-0.33404134923977763,-0.3229733664508126
2,-0.33404134923977763,0.2401875742194664
2,-0.33404134923977763,0.27268648705505916
2,-0.33404134923977763,0.2124477211933009
2,-0.33404134923977763,-0.24872341069382933
2,-0.33404134923977763,0.20814589435427347
2,0.09560264693329255,-1.145377845995543
2,0.09560264693329255,0.4312704770159433
2,0.09560264693329255,0.010079582834055792
2,0.09560264693329255,-0.33777153187834197
2,0.09560264693329255,0.09187246429472824
2,0.09560264693329255,0.3577184392996801
2,0.09560264693329255,0.030118581176480495
2,0.09560264693329255,0.013686258394481173
2,0.09560264693329255,0.009527018588126537
2,0.09560264693329255,0.2168274004574648
2,0.09560264693329255,-0.3229733664508126
2,0.09560264693329255,0.2401875742194664
2,0.09560264693329255,0.27268648705505916
2,0.09560264693329255,0.2124477211933009
2,0.09560264693329255,-0.24872341069382933
2,0.09560264693329255,0.20814589435427347
2,0.36144862193824445,-1.145377845995543
2,0.36144862193824445,0.4312704770159433
2,0.36144862193824445,0.010079582834055792
2,0.36144862193824445,-0.33777153187834197
2,0.36144862193824445,0.09187246429472824
2,0.36144862193824445,0.3577184392996801
2,0.36144862193824445,0.030118581176480495
2,0.36144862193824445,0.013686258394481173
2,0.36144862193824445,0.009527018588126537
2,0.36144862193824445,0.2168274004574648
2,0.36144862193824445,-0.3229733664508126
2,0.36144862193824445,0.2401875742194664
2,0.36144862193824445,0.27268648705505916
2,0.36144862193824445,0.2124477211933009
2,0.36144862193824445,-0.24872341069382933
2,0.36144862193824445,0.20814589435427347
2,0.03384876381504481,-1.145377845995543
2,0.03384876381504481,0.4312704770159433
2,0.03384876381504481,0.010079582834055792
2,0.03384876381504481,-0.33777153187834197
2,0.03384876381504481,0.09187246429472824
2,0.03384876381504481,0.3577184392996801
2,0.03384876381504481,0.030118581176480495
2,0.03384876381504481,0.013686258394481173
2,0.03384876381504481,0.009527018588126537
2,0.03384876381504481,0.2168274004574648
2,0.03384876381504481,-0.3229733664508126
2,0.03384876381504481,0.2401875742194664
2,0.03384876381504481,0.27268648705505916
2,0.03384876381504481,0.2124477211933009
2,0.03384876381504481,-0.24872341069382933
2,0.03384876381504481,0.20814589435427347
2,0.017416441033045488,-1.145377845995543
2,0.017416441033045488,0.4312704770159433
2,0.017416441033045488,0.010079582834055792
2,0.017416441033045488,-0.33777153187834197
2,0.017416441033045488,0.09187246429472824
2,0.017416441033045488,0.3577184392996801
2,0.017416441033045488,0.030118581176480495
2,0.017416441033045488,0.013686258394481173
2,0.017416441033045488,0.009527018588126537
2,0.017416441033045488,0.2168274004574648
2,0.017416441033045488,-0.3229733664508126
2,0.017416441033045488,0.2401875742194664
2,0.017416441033045488,0.27268648705505916
2,0.017416441033045488,0.2124477211933009
2,0.017416441033045488,-0.24872341069382933
2,0.017416441033045488,0.20814589435427347
2,0.013257201226690853,-1.145377845995543
2,0.013257201226690853,0.4312704770159433
2,0.013257201226690853,0.010079582834055792
2,0.013257201226690853,-0.33777153187834197
2,0.013257201226690853,0.09187246429472824
2,0.013257201226690853,0.3577184392996801
2,0.013257201226690853,0.030118581176480495
2,0.013257201226690853,0.013686258394481173
2,0.013257201226690853,0.009527018588126537
2,0.013257201226690853,0.2168274004574648
2,0.013257201226690853,-0.3229733664508126
2,0.013257201226690853,0.2401875742194664
2,0.013257201226690853,0.27268648705505916
2,0.013257201226690853,0.2124477211933009
2,0.013257201226690853,-0.24872341069382933
2,0.013257201226690853,0.20814589435427347
2,0.2205575830960291,-1.145377845995543
2,0.2205575830960291,0.4312704770159433
2,0.2205575830960291,0.010079582834055792
2,0.2205575830960291,-0.33777153187834197
2,0.2205575830960291,0.09187246429472824
2,0.2205575830960291,0.3577184392996801
2,0.2205575830960291,0.030118581176480495
2,0.2205575830960291,0.013686258394481173
2,0.2205575830960291,0.009527018588126537
2,0.2205575830960291,0.2168274004574648
2,0.2205575830960291,-0.3229733664508126
2,0.2205575830960291,0.2401875742194664
2,0.2205575830960291,0.27268648705505916
2,0.2205575830960291,0.2124477211933009
2,0.2205575830960291,-0.24872341069382933
2,0.2205575830960291,0.20814589435427347
2,-0.31924318381224825,-1.145377845995543
2,-0.31924318381224825,0.4312704770159433
2,-0.31924318381224825,0.010079582834055792
2,-0.31924318381224825,-0.33777153187834197
2,-0.31924318381224825,0.09187246429472824
2,-0.31924318381224825,0.3577184392996801
2,-0.31924318381224825,0.030118581176480495
2,-0.31924318381224825,0.013686258394481173
2,-0.31924318381224825,0.009527018588126537
2,-0.31924318381224825,0.2168274004574648
2,-0.31924318381224825,-0.3229733664508126
2,-0.31924318381224825,0.2401875742194664
2,-0.31924318381224825,0.27268648705505916
2,-0.31924318381224825,0.2124477211933009
2,-0.31924318381224825,-0.24872341069382933
2,-0.31924318381224825,0.20814589435427347
2,0.24391775685803072,-1.145377845995543
2,0.24391775685803072,0.4312704770159433
2,0.24391775685803072,0.010079582834055792
2,0.24391775685803072,-0.33777153187834197
2,0.24391775685803072,0.09187246429472824
2,0.24391775685803072,0.3577184392996801
2,0.24391775685803072,0.030118581176480495
2,0.24391775685803072,0.013686258394481173
2,0.24391775685803072,0.009527018588126537
2,0.24391775685803072,0.2168274004574648
2,0.24391775685803072,-0.3229733664508126
2,0.24391775685803072,0.2401875742194664
2,0.24391775685803072,0.27268648705505916
2,0.24391775685803072,0.2124477211933009
2,0.24391775685803072,-0.24872341069382933
2,0.24391775685803072,0.20814589435427347
2,0.2764166696936235,-1.145377845995543
2,0.2764166696936235,0.4312704770159433
2,0.2764166696936235,0.010079582834055792
2,0.2764166696936235,-0.33777153187834197
2,0.2764166696936235,0.09187246429472824
2,0.2764166696936235,0.3577184392996801
2,0.2764166696936235,0.030118581176480495
2,0.2764166696936235,0.013686258394481173
2,0.2764166696936235,0.009527018588126537
2,0.2764166696936235,0.2168274004574648
2,0.2764166696936235,-0.3229733664508126
2,0.2764166696936235,0.2401875742194664
2,0.2764166696936235,0.27268648705505916
2,0.2764166696936235,0.2124477211933009
2,0.2764166696936235,-0.24872341069382933
2,0.2764166696936235,0.20814589435427347
2,0.21617790383186522,-1.145377845995543
2,0.21617790383186522,0.4312704770159433
2,0.21617790383186522,0.010079582834055792
2,0.21617790383186522,-0.33777153187834197
2,0.21617790383186522,0.09187246429472824
2,0.21617790383186522,0.3577184392996801
2,0.21617790383186522,0.030118581176480495
2,0.21617790383186522,0.013686258394481173
2,0.21617790383186522,0.009527018588126537
2,0.21617790383186522,0.2168274004574648
2,0.21617790383186522,-0.3229733664508126
2,0.21617790383186522,0.2401875742194664
2,0.21617790383186522,0.27268648705505916
2,0.21617790383186522,0.2124477211933009
2,0.21617790383186522,-0.24872341069382933
2,0.21617790383186522,0.20814589435427347
2,-0.24499322805526502,-1.145377845995543
2,-0.24499322805526502,0.4312704770159433
2,-0.24499322805526502,0.010079582834055792
2,-0.24499322805526502,-0.33777153187834197
2,-0.24499322805526502,0.09187246429472824
2,-0.24499322805526502,0.3577184392996801
2,-0.24499322805526502,0.030118581176480495
2,-0.24499322805526502,0.013686258394481173
2,-0.24499322805526502,0.009527018588126537
2,-0.24499322805526502,0.2168274004574648
2,-0.24499322805526502,-0.3229733664508126
2,-0.24499322805526502,0.2401875742194664
2,-0.24499322805526502,0.27268648705505916
2,-0.24499322805526502,0.2124477211933009
2,-0.24499322805526502,-0.24872341069382933
2,-0.24499322805526502,0.20814589435427347
2,0.21187607699283778,-1.145377845995543
2,0.21187607699283778,0.4312704770159433
2,0.21187607699283778,0.010079582834055792
2,0.21187607699283778,-0.33777153187834197
2,0.21187607699283778,0.09187246429472824
2,0.21187607699283778,0.3577184392996801
2,0.21187607699283778,0.030118581176480495
2,0.21187607699283778,0.013686258394481173
2,0.21187607699283778,0.009527018588126537
2,0.21187607699283778,0.2168274004574648
2,0.21187607699283778,-0.3229733664508126
2,0.21187607699283778,0.2401875742194664
2,0.21187607699283778,0.27268648705505916
2,0.21187607699283778,0.2124477211933009
2,0.21187607699283778,-0.24872341069382933
2,0.21187607699283778,0.20814589435427347
3,0.3886487869509346,0.38491860431237024
3,0.3886487869509346,0.2235262427131658
3,0.3886487869509346,-0.184451018733569
3,0.3886487869509346,0.0001590654715841267
3,0.3886487869509346,0.30914503341101157
3,0.3886487869509346,0.07080323850156503
3,0.3886487869509346,0.1610941491167137
3,0.3886487869509346,0.11279681028378653
3,0.3886487869509346,0.18277854580376632
3,0.3886487869509346,-0.02248913635459953
3,0.3886487869509346,0.2659022931113664
3,0.3886487869509346,0.18053412202733163
3,0.3886487869509346,0.23644859510406385
3,0.3886487869509346,-0.5776566842216829
3,0.3886487869509346,0.14386843688173004
3,0.2272564253517301,0.38491860431237024
3,0.2272564253517301,0.2235262427131658
3,0.2272564253517301,-0.184451018733569
3,0.2272564253517301,0.0001590654715841267
3,0.2272564253517301,0.30914503341101157
3,0.2272564253517301,0.07080323850156503
3,0.2272564253517301,0.1610941491167137
3,0.2272564253517301,0.11279681028378653
3,0.2272564253517301,0.18277854580376632
3,0.2272564253517301,-0.02248913635459953
3,0.2272564253517301,0.2659022931113664
3,0.2272564253517301,0.18053412202733163
3,0.2272564253517301,0.23644859510406385
3,0.2272564253517301,-0.5776566842216829
3,0.2272564253517301,0.14386843688173004
3,-0.1807208360950047,0.38491860431237024
3,-0.1807208360950047,0.2235262427131658
3,-0.1807208360950047,-0.184451018733569
3,-0.1807208360950047,0.0001590654715841267
3,-0.1807208360950047,0.30914503341101157
3,-0.1807208360950047,0.07080323850156503
3,-0.1807208360950047,0.1610941491167137
3,-0.1807208360950047,0.11279681028378653
3,-0.1807208360950047,0.18277854580376632
3,-0.1807208360950047,-0.02248913635459953
3,-0.1807208360950047,0.2659022931113664
3,-0.1807208360950047,0.18053412202733163
3,-0.1807208360950047,0.23644859510406385
3,-0.1807208360950047,-0.5776566842216829
3,-0.1807208360950047,0.14386843688173004
3,0.0038892481101484425,0.38491860431237024
3,0.0038892481101484425,0.2235262427131658
3,0.0038892481101484425,-0.184451018733569
3,0.0038892481101484425,0.0001590654715841267
3,0.0038892481101484425,0.30914503341101157
3,0.0038892481101484425,0.07080323850156503
3,0.0038892481101484425,0.1610941491167137
3,0.0038892481101484425,0.11279681028378653
3,0.0038892481101484425,0.18277854580376632
3,0.0038892481101484425,-0.02248913635459953
3,0.0038892481101484425,0.2659022931113664
3,0.0038892481101484425,0.18053412202733163
3,0.0038892481101484425,0.23644859510406385
3,0.0038892481101484425,-0.5776566842216829
3,0.0038892481101484425,0.14386843688173004
3,0.3128752160495759,0.38491860431237024
3,0.3128752160495759,0.2235262427131658
3,0.3128752160495759,-0.184451018733569
3,0.3128752160495759,0.0001590654715841267
3,0.3128752160495759,0.30914503341101157
3,0.3128752160495759,0.07080323850156503
3,0.3128752160495759,0.1610941491167137
3,0.3128752160495759,0.11279681028378653
3,0.3128752160495759,0.18277854580376632
3,0.3128752160495759,-0.02248913635459953
3,0.3128752160495759,0.2659022931113664
3,0.3128752160495759,0.18053412202733163
3,0.3128752160495759,0.23644859510406385
3,0.3128752160495759,-0.5776566842216829
3,0.3128752160495759,0.14386843688173004
3,0.07453342114012934,0.38491860431237024
3,0.07453342114012934,0.2235262427131658
3,0.07453342114012934,-0.184451018733569
3,0.07453342114012934,0.0001590654715841267
3,0.07453342114012934,0.30914503341101157
3,0.07453342114012934,0.07080323850156503
3,0.07453342114012934,0.1610941491167137
3,0.07453342114012934,0.11279681028378653
3,0.07453342114012934,0.18277854580376632
3,0.07453342114012934,-0.02248913635459953
3,0.07453342114012934,0.2659022931113664
3,0.07453342114012934,0.18053412202733163
3,0.07453342114012934,0.23644859510406385
3,0.07453342114012934,-0.5776566842216829
3,0.07453342114012934,0.14386843688173004
3,0.164824331755278,0.38491860431237024
3,0.164824331755278,0.2235262427131658
3,0.164824331755278,-0.184451018733569
3,0.164824331755278,0.0001590654715841267
3,0.164824331755278,0.30914503341101157
3,0.164824331755278,0.07080323850156503
3,0.164824331755278,0.1610941491167137
3,0.164824331755278,0.11279681028378653
3,0.164824331755278,0.18277854580376632
3,0.164824331755278,-0.02248913635459953
3,0.164824331755278,0.2659022931113664
3,0.164824331755278,0.18053412202733163
3,0.164824331755278,0.23644859510406385
3,0.164824331755278,-0.5776566842216829
3,0.164824331755278,0.14386843688173004
3,0.11652699292235084,0.38491860431237024
3,0.11652699292235084,0.2235262427131658
3,0.11652699292235084,-0.184451018733569
3,0.11652699292235084,0.0001590654715841267
3,0.11652699292235084,0.30914503341101157
3,0.11652699292235084,0.07080323850156503
3,0.11652699292235084,0.1610941491167137
3,0.11652699292235084,0.11279681028378653
3,0.11652699292235084,0.18277854580376632
3,0.11652699292235084,-0.02248913635459953
3,0.11652699292235084,0.2659022931113664
3,0.11652699292235084,0.18053412202733163
3,0.11652699292235084,0.23644859510406385
3,0.11652699292235084,-0.5776566842216829
3,0.11652699292235084,0.14386843688173004
3,0.18650872844233063,0.38491860431237024
3,0.18650872844233063,0.2235262427131658
3,0.18650872844233063,-0.184451018733569
3,0.18650872844233063,0.0001590654715841267
3,0.18650872844233063,0.30914503341101157
3,0.18650872844233063,0.07080323850156503
3,0.18650872844233063,0.1610941491167137
3,0.18650872844233063,0.11279681028378653
3,0.18650872844233063,0.18277854580376632
3,0.18650872844233063,-0.02248913635459953
3,0.18650872844233063,0.2659022931113664
3,0.18650872844233063,0.18053412202733163
3,0.18650872844233063,0.23644859510406385
3,0.18650872844233063,-0.5776566842216829
3,0.18650872844233063,0.14386843688173004
3,-0.018758953716035216,0.38491860431237024
3,-0.018758953716035216,0.2235262427131658
3,-0.018758953716035216,-0.184451018733569
3,-0.018758953716035216,0.0001590654715841267
3,-0.018758953716035216,0.30914503341101157
3,-0.018758953716035216,0.07080323850156503
3,-0.018758953716035216,0.1610941491167137
3,-0.018758953716035216,0.11279681028378653
3,-0.018758953716035216,0.18277854580376632
3,-0.018758953716035216,-0.02248913635459953
3,-0.018758953716035216,0.2659022931113664
3,-0.018758953716035216,0.18053412202733163
3,-0.018758953716035216,0.23644859510406385
3,-0.018758953716035216,-0.5776566842216829
3,-0.018758953716035216,0.14386843688173004
3,0.2696324757499307,0.38491860431237024
3,0.2696324757499307,0.2235262427131658
3,0.2696324757499307,-0.184451018733569
3,0.2696324757499307,0.0001590654715841267
3,0.2696324757499307,0.30914503341101157
3,0.2696324757499307,0.07080323850156503
3,0.2696324757499307,0.1610941491167137
3,0.2696324757499307,0.11279681028378653
3,0.2696324757499307,0.18277854580376632
3,0.2696324757499307,-0.02248913635459953
3,0.2696324757499307,0.2659022931113664
3,0.2696324757499307,0.18053412202733163
3,0.2696324757499307,0.23644859510406385
3,0.2696324757499307,-0.5776566842216829
3,0.2696324757499307,0.14386843688173004
3,0.18426430466589594,0.38491860431237024
3,0.18426430466589594,0.2235262427131658
3,0.18426430466589594,-0.184451018733569
3,0.18426430466589594,0.0001590654715841267
3,0.18426430466589594,0.30914503341101157
3,0.18426430466589594,0.07080323850156503
3,0.18426430466589594,0.1610941491167137
3,0.18426430466589594,0.11279681028378653
3,0.18426430466589594,0.18277854580376632
3,0.18426430466589594,-0.02248913635459953
3,0.18426430466589594,0.2659022931113664
3,0.18426430466589594,0.18053412202733163
3,0.18426430466589594,0.23644859510406385
3,0.18426430466589594,-0.5776566842216829
3,0.18426430466589594,0.14386843688173004
3,0.24017877774262816,0.38491860431237024
3,0.24017877774262816,0.2235262427131658
3,0.24017877774262816,-0.184451018733569
3,0.24017877774262816,0.0001590654715841267
3,0.24017877774262816,0.30914503341101157
3,0.24017877774262816,0.07080323850156503
3,0.24017877774262816,0.1610941491167137
3,0.24017877774262816,0.11279681028378653
3,0.24017877774262816,0.18277854580376632
3,0.24017877774262816,-0.02248913635459953
3,0.24017877774262816,0.2659022931113664
3,0.24017877774262816,0.18053412202733163
3,0.24017877774262816,0.23644859510406385
3,0.24017877774262816,-0.5776566842216829
3,0.24017877774262816,0.14386843688173004
3,-0.5739265015831186,0.38491860431237024
3,-0.5739265015831186,0.2235262427131658
3,-0.5739265015831186,-0.184451018733569
3,-0.5739265015831186,0.0001590654715841267
3,-0.5739265015831186,0.30914503341101157
3,-0.5739265015831186,0.07080323850156503
3,-0.5739265015831186,0.1610941491167137
3,-0.5739265015831186,0.11279681028378653
3,-0.5739265015831186,0.18277854580376632
3,-0.5739265015831186,-0.02248913635459953
3,-0.5739265015831186,0.2659022931113664
3,-0.5739265015831186,0.18053412202733163
3,-0.5739265015831186,0.23644859510406385
3,-0.5739265015831186,-0.5776566842216829
3,-0.5739265015831186,0.14386843688173004
3,0.14759861952029435,0.38491860431237024
3,0.14759861952029435,0.2235262427131658
3,0.14759861952029435,-0.184451018733569
3,0.14759861952029435,0.0001590654715841267
3,0.14759861952029435,0.30914503341101157
3,0.14759861952029435,0.07080323850156503
3,0.14759861952029435,0.1610941491167137
3,0.14759861952029435,0.11279681028378653
3,0.14759861952029435,0.18277854580376632
3,0.14759861952029435,-0.02248913635459953
3,0.14759861952029435,0.2659022931113664
3,0.14759861952029435,0.18053412202733163
3,0.14759861952029435,0.23644859510406385
3,0.14759861952029435,-0.5776566842216829
3,0.14759861952029435,0.14386843688173004
4,0.4615432634845556,0.45781308084599126
4,0.4615432634845556,0.11031087132752354
4,0.4615432634845556,-0.14376288096940118
4,0.4615432634845556,0.10786549110979565
4,0.4615432634845556,0.2963551806340256
4,0.4615432634845556,0.05036392068648691
4,0.4615432634845556,-0.03535096306221791
4,0.4615432634845556,0.1432541535483863
4,0.4615432634845556,0.2691056096167635
4,0.4615432634845556,-0.21759844067427228
4,0.4615432634845556,0.2994169398228183
4,0.4615432634845556,0.30381737656061847
4,0.4615432634845556,0.24277917157095316
4,0.4615432634845556,-0.6315259409576484
4,0.11404105396608785,0.45781308084599126
4,0.11404105396608785,0.11031087132752354
4,0.11404105396608785,-0.14376288096940118
4,0.11404105396608785,0.10786549110979565
4,0.11404105396608785,0.2963551806340256
4,0.11404105396608785,0.05036392068648691
4,0.11404105396608785,-0.03535096306221791
4,0.11404105396608785,0.1432541535483863
4,0.11404105396608785,0.2691056096167635
4,0.11404105396608785,-0.21759844067427228
4,0.11404105396608785,0.2994169398228183
4,0.11404105396608785,0.30381737656061847
4,0.11404105396608785,0.24277917157095316
4,0.11404105396608785,-0.6315259409576484
4,-0.14003269833083687,0.45781308084599126
4,-0.14003269833083687,0.11031087132752354
4,-0.14003269833083687,-0.14376288096940118
4,-0.14003269833083687,0.10786549110979565
4,-0.14003269833083687,0.2963551806340256
4,-0.14003269833083687,0.05036392068648691
4,-0.14003269833083687,-0.03535096306221791
4,-0.14003269833083687,0.1432541535483863
4,-0.14003269833083687,0.2691056096167635
4,-0.14003269833083687,-0.21759844067427228
4,-0.14003269833083687,0.2994169398228183
4,-0.14003269833083687,0.30381737656061847
4,-0.14003269833083687,0.24277917157095316
4,-0.14003269833083687,-0.6315259409576484
4,0.11159567374835996,0.45781308084599126
4,0.11159567374835996,0.11031087132752354
4,0.11159567374835996,-0.14376288096940118
4,0.11159567374835996,0.10786549110979565
4,0.11159567374835996,0.2963551806340256
4,0.11159567374835996,0.05036392068648691
4,0.11159567374835996,-0.03535096306221791
4,0.11159567374835996,0.1432541535483863
4,0.11159567374835996,0.2691056096167635
4,0.11159567374835996,-0.21759844067427228
4,0.11159567374835996,0.2994169398228183
4,0.11159567374835996,0.30381737656061847
4,0.11159567374835996,0.24277917157095316
4,0.11159567374835996,-0.6315259409576484
4,0.30008536327258994,0.45781308084599126
4,0.30008536327258994,0.11031087132752354
4,0.30008536327258994,-0.14376288096940118
4,0.30008536327258994,0.10786549110979565
4,0.30008536327258994,0.2963551806340256
4,0.30008536327258994,0.05036392068648691
4,0.30008536327258994,-0.03535096306221791
4,0.30008536327258994,0.1432541535483863
4,0.30008536327258994,0.2691056096167635
4,0.30008536327258994,-0.21759844067427228
4,0.30008536327258994,0.2994169398228183
4,0.30008536327258994,0.30381737656061847
4,0.30008536327258994,0.24277917157095316
4,0.30008536327258994,-0.6315259409576484
4,0.05409410332505123,0.45781308084599126
4,0.05409410332505123,0.11031087132752354
4,0.05409410332505123,-0.14376288096940118
4,0.05409410332505123,0.10786549110979565
4,0.05409410332505123,0.2963551806340256
4,0.05409410332505123,0.05036392068648691
4,0.05409410332505123,-0.03535096306221791
4,0.05409410332505123,0.1432541535483863
4,0.05409410332505123,0.2691056096167635
4,0.05409410332505123,-0.21759844067427228
4,0.05409410332505123,0.2994169398228183
4,0.05409410332505123,0.30381737656061847
4,0.05409410332505123,0.24277917157095316
4,0.05409410332505123,-0.6315259409576484
4,-0.03162078042365359,0.45781308084599126
4,-0.03162078042365359,0.11031087132752354
4,-0.03162078042365359,-0.14376288096940118
4,-0.03162078042365359,0.10786549110979565
4,-0.03162078042365359,0.2963551806340256
4,-0.03162078042365359,0.05036392068648691
4,-0.03162078042365359,-0.03535096306221791
4,-0.03162078042365359,0.1432541535483863
4,-0.03162078042365359,0.2691056096167635
4,-0.03162078042365359,-0.21759844067427228
4,-0.03162078042365359,0.2994169398228183
4,-0.03162078042365359,0.30381737656061847
4,-0.03162078042365359,0.24277917157095316
4,-0.03162078042365359,-0.6315259409576484
4,0.14698433618695061,0.45781308084599126
4,0.14698433618695061,0.11031087132752354
4,0.14698433618695061,-0.14376288096940118
4,0.14698433618695061,0.10786549110979565
4,0.14698433618695061,0.2963551806340256
4,0.14698433618695061,0.05036392068648691
4,0.14698433618695061,-0.03535096306221791
4,0.14698433618695061,0.1432541535483863
4,0.14698433618695061,0.2691056096167635
4,0.14698433618695061,-0.21759844067427228
4,0.14698433618695061,0.2994169398228183
4,0.14698433618695061,0.30381737656061847
4,0.14698433618695061,0.24277917157095316
4,0.14698433618695061,-0.6315259409576484
4,0.27283579225532784,0.45781308084599126
4,0.27283579225532784,0.11031087132752354
4,0.27283579225532784,-0.14376288096940118
4,0.27283579225532784,0.10786549110979565
4,0.27283579225532784,0.2963551806340256
4,0.27283579225532784,0.05036392068648691
4,0.27283579225532784,-0.03535096306221791
4,0.27283579225532784,0.1432541535483863
4,0.27283579225532784,0.2691056096167635
4,0.27283579225532784,-0.21759844067427228
4,0.27283579225532784,0.2994169398228183
4,0.27283579225532784,0.30381737656061847
4,0.27283579225532784,0.24277917157095316
4,0.27283579225532784,-0.6315259409576484
4,-0.21386825803570797,0.45781308084599126
4,-0.21386825803570797,0.11031087132752354
4,-0.21386825803570797,-0.14376288096940118
4,-0.21386825803570797,0.10786549110979565
4,-0.21386825803570797,0.2963551806340256
4,-0.21386825803570797,0.05036392068648691
4,-0.21386825803570797,-0.03535096306221791
4,-0.21386825803570797,0.1432541535483863
4,-0.21386825803570797,0.2691056096167635
4,-0.21386825803570797,-0.21759844067427228
4,-0.21386825803570797,0.2994169398228183
4,-0.21386825803570797,0.30381737656061847
4,-0.21386825803570797,0.24277917157095316
4,-0.21386825803570797,-0.6315259409576484
4,0.30314712246138265,0.45781308084599126
4,0.30314712246138265,0.11031087132752354
4,0.30314712246138265,-0.14376288096940118
4,0.30314712246138265,0.10786549110979565
4,0.30314712246138265,0.2963551806340256
4,0.30314712246138265,0.05036392068648691
4,0.30314712246138265,-0.03535096306221791
4,0.30314712246138265,0.1432541535483863
4,0.30314712246138265,0.2691056096167635
4,0.30314712246138265,-0.21759844067427228
4,0.30314712246138265,0.2994169398228183
4,0.30314712246138265,0.30381737656061847
4,0.30314712246138265,0.24277917157095316
4,0.30314712246138265,-0.6315259409576484
4,0.3075475591991828,0.45781308084599126
4,0.3075475591991828,0.11031087132752354
4,0.3075475591991828,-0.14376288096940118
4,0.3075475591991828,0.10786549110979565
4,0.3075475591991828,0.2963551806340256
4,0.3075475591991828,0.05036392068648691
4,0.3075475591991828,-0.03535096306221791
4,0.3075475591991828,0.1432541535483863
4,0.3075475591991828,0.2691056096167635
4,0.3075475591991828,-0.21759844067427228
4,0.3075475591991828,0.2994169398228183
4,0.3075475591991828,0.30381737656061847
4,0.3075475591991828,0.24277917157095316
4,0.3075475591991828,-0.6315259409576484
4,0.24650935420951747,0.45781308084599126
4,0.24650935420951747,0.11031087132752354
4,0.24650935420951747,-0.14376288096940118
4,0.24650935420951747,0.10786549110979565
4,0.24650935420951747,0.2963551806340256
4,0.24650935420951747,0.05036392068648691
4,0.24650935420951747,-0.03535096306221791
4,0.24650935420951747,0.1432541535483863
4,0.24650935420951747,0.2691056096167635
4,0.24650935420951747,-0.21759844067427228
4,0.24650935420951747,0.2994169398228183
4,0.24650935420951747,0.30381737656061847
4,0.24650935420951747,0.24277917157095316
4,0.24650935420951747,-0.6315259409576484
4,-0.6277957583190841,0.45781308084599126
4,-0.6277957583190841,0.11031087132752354
4,-0.6277957583190841,-0.14376288096940118
4,-0.6277957583190841,0.10786549110979565
4,-0.6277957583190841,0.2963551806340256
4,-0.6277957583190841,0.05036392068648691
4,-0.6277957583190841,-0.03535096306221791
4,-0.6277957583190841,0.1432541535483863
4,-0.6277957583190841,0.2691056096167635
4,-0.6277957583190841,-0.21759844067427228
4,-0.6277957583190841,0.2994169398228183
4,-0.6277957583190841,0.30381737656061847
4,-0.6277957583190841,0.24277917157095316
4,-0.6277957583190841,-0.6315259409576484
5,0.31397990834145734,0.310249725702893
5,0.31397990834145734,-0.4759813565844562
5,0.31397990834145734,0.03705365902080215
5,0.31397990834145734,0.22140164426660114
5,0.31397990834145734,0.07149592178208802
5,0.31397990834145734,0.039210331476591274
5,0.31397990834145734,-0.09305518581799271
5,0.31397990834145734,0.10194397424370569
5,0.31397990834145734,-0.36673617625600313
5,0.31397990834145734,0.12098899899302758
5,0.31397990834145734,0.2802549015622238
5,0.31397990834145734,0.1346543917665528
5,0.31397990834145734,-0.3462271997585471
5,-0.4722511739458919,0.310249725702893
5,-0.4722511739458919,-0.4759813565844562
5,-0.4722511739458919,0.03705365902080215
5,-0.4722511739458919,0.22140164426660114
5,-0.4722511739458919,0.07149592178208802
5,-0.4722511739458919,0.039210331476591274
5,-0.4722511739458919,-0.09305518581799271
5,-0.4722511739458919,0.10194397424370569
5,-0.4722511739458919,-0.36673617625600313
5,-0.4722511739458919,0.12098899899302758
5,-0.4722511739458919,0.2802549015622238
5,-0.4722511739458919,0.1346543917665528
5,-0.4722511739458919,-0.3462271997585471
5,0.040783841659366465,0.310249725702893
5,0.040783841659366465,-0.4759813565844562
5,0.040783841659366465,0.03705365902080215
5,0.040783841659366465,0.22140164426660114
5,0.040783841659366465,0.07149592178208802
5,0.040783841659366465,0.039210331476591274
5,0.040783841659366465,-0.09305518581799271
5,0.040783841659366465,0.10194397424370569
5,0.040783841659366465,-0.36673617625600313
5,0.040783841659366465,0.12098899899302758
5,0.040783841659366465,0.2802549015622238
5,0.040783841659366465,0.1346543917665528
5,0.040783841659366465,-0.3462271997585471
5,0.22513182690516545,0.310249725702893
5,0.22513182690516545,-0.4759813565844562
5,0.22513182690516545,0.03705365902080215
5,0.22513182690516545,0.22140164426660114
5,0.22513182690516545,0.07149592178208802
5,0.22513182690516545,0.039210331476591274
5,0.22513182690516545,-0.09305518581799271
5,0.22513182690516545,0.10194397424370569
5,0.22513182690516545,-0.36673617625600313
5,0.22513182690516545,0.12098899899302758
5,0.22513182690516545,0.2802549015622238
5,0.22513182690516545,0.1346543917665528
5,0.22513182690516545,-0.3462271997585471
5,0.07522610442065233,0.310249725702893
5,0.07522610442065233,-0.4759813565844562
5,0.07522610442065233,0.03705365902080215
5,0.07522610442065233,0.22140164426660114
5,0.07522610442065233,0.07149592178208802
5,0.07522610442065233,0.039210331476591274
5,0.07522610442065233,-0.09305518581799271
5,0.07522610442065233,0.10194397424370569
5,0.07522610442065233,-0.36673617625600313
5,0.07522610442065233,0.12098899899302758
5,0.07522610442065233,0.2802549015622238
5,0.07522610442065233,0.1346543917665528
5,0.07522610442065233,-0.3462271997585471
5,0.04294051411515559,0.310249725702893
5,0.04294051411515559,-0.4759813565844562
5,0.04294051411515559,0.03705365902080215
5,0.04294051411515559,0.22140164426660114
5,0.04294051411515559,0.07149592178208802
5,0.04294051411515559,0.039210331476591274
5,0.04294051411515559,-0.09305518581799271
5,0.04294051411515559,0.10194397424370569
5,0.04294051411515559,-0.36673617625600313
5,0.04294051411515559,0.12098899899302758
5,0.04294051411515559,0.2802549015622238
5,0.04294051411515559,0.1346543917665528
5,0.04294051411515559,-0.3462271997585471
5,-0.0893250031794284,0.310249725702893
5,-0.0893250031794284,-0.4759813565844562
5,-0.0893250031794284,0.03705365902080215
5,-0.0893250031794284,0.22140164426660114
5,-0.0893250031794284,0.07149592178208802
5,-0.0893250031794284,0.039210331476591274
5,-0.0893250031794284,-0.09305518581799271
5,-0.0893250031794284,0.10194397424370569
5,-0.0893250031794284,-0.36673617625600313
5,-0.0893250031794284,0.12098899899302758
5,-0.0893250031794284,0.2802549015622238
5,-0.0893250031794284,0.1346543917665528
5,-0.0893250031794284,-0.3462271997585471
5,0.10567415688227,0.310249725702893
5,0.10567415688227,-0.4759813565844562
5,0.10567415688227,0.03705365902080215
5,0.10567415688227,0.22140164426660114
5,0.10567415688227,0.07149592178208802
5,0.10567415688227,0.039210331476591274
5,0.10567415688227,-0.09305518581799271
5,0.10567415688227,0.10194397424370569
5,0.10567415688227,-0.36673617625600313
5,0.10567415688227,0.12098899899302758
5,0.10567415688227,0.2802549015622238
5,0.10567415688227,0.1346543917665528
5,0.10567415688227,-0.3462271997585471
5,-0.3630059936174388,0.310249725702893
5,-0.3630059936174388,-0.4759813565844562
5,-0.3630059936174388,0.03705365902080215
5,-0.3630059936174388,0.22140164426660114
5,-0.3630059936174388,0.07149592178208802
5,-0.3630059936174388,0.039210331476591274
5,-0.3630059936174388,-0.09305518581799271
5,-0.3630059936174388,0.10194397424370569
5,-0.3630059936174388,-0.36673617625600313
5,-0.3630059936174388,0.12098899899302758
5,-0.3630059936174388,0.2802549015622238
5,-0.3630059936174388,0.1346543917665528
5,-0.3630059936174388,-0.3462271997585471
5,0.12471918163159189,0.310249725702893
5,0.12471918163159189,-0.4759813565844562
5,0.12471918163159189,0.03705365902080215
5,0.12471918163159189,0.22140164426660114
5,0.12471918163159189,0.07149592178208802
5,0.12471918163159189,0.039210331476591274
5,0.12471918163159189,-0.09305518581799271
5,0.12471918163159189,0.10194397424370569
5,0.12471918163159189,-0.36673617625600313
5,0.12471918163159189,0.12098899899302758
5,0.12471918163159189,0.2802549015622238
5,0.12471918163159189,0.1346543917665528
5,0.12471918163159189,-0.3462271997585471
5,0.28398508420078816,0.310249725702893
5,0.28398508420078816,-0.4759813565844562
5,0.28398508420078816,0.03705365902080215
5,0.28398508420078816,0.22140164426660114
5,0.28398508420078816,0.07149592178208802
5,0.28398508420078816,0.039210331476591274
5,0.28398508420078816,-0.09305518581799271
5,0.28398508420078816,0.10194397424370569
5,0.28398508420078816,-0.36673617625600313
5,0.28398508420078816,0.12098899899302758
5,0.28398508420078816,0.2802549015622238
5,0.28398508420078816,0.1346543917665528
5,0.28398508420078816,-0.3462271997585471
5,0.13838457440511712,0.310249725702893
5,0.13838457440511712,-0.4759813565844562
5,0.13838457440511712,0.03705365902080215
5,0.13838457440511712,0.22140164426660114
5,0.13838457440511712,0.07149592178208802
5,0.13838457440511712,0.039210331476591274
5,0.13838457440511712,-0.09305518581799271
5,0.13838457440511712,0.10194397424370569
5,0.13838457440511712,-0.36673617625600313
5,0.13838457440511712,0.12098899899302758
5,0.13838457440511712,0.2802549015622238
5,0.13838457440511712,0.1346543917665528
5,0.13838457440511712,-0.3462271997585471
5,-0.34249701711998276,0.310249725702893
5,-0.34249701711998276,-0.4759813565844562
5,-0.34249701711998276,0.03705365902080215
5,-0.34249701711998276,0.22140164426660114
5,-0.34249701711998276,0.07149592178208802
5,-0.34249701711998276,0.039210331476591274
5,-0.34249701711998276,-0.09305518581799271
5,-0.34249701711998276,0.10194397424370569
5,-0.34249701711998276,-0.36673617625600313
5,-0.34249701711998276,0.12098899899302758
5,-0.34249701711998276,0.2802549015622238
5,-0.34249701711998276,0.1346543917665528
5,-0.34249701711998276,-0.3462271997585471
